latency,integrity,token,voltage,current,temp,meter,cost,ip
25.213388509503798,1.0,0.0,217.50157558115617,9.171464395731741,26.111895237408906,4.212887366206051,0.06394583663750786,0.0
84.881099682367,1.0,0.0,225.48614005861705,18.76503208658532,46.682830240600104,11.119216631120612,0.15085925141941736,0.0
22.999148385660163,1.0,0.0,215.0750445073953,16.069468988125223,28.781846103876205,2.4929359112828986,0.2558373835817518,0.0
41.16351677769927,1.0,0.0,247.35523875161155,0.40378883901232454,29.17067947603425,17.029743830205348,0.25664676226876404,0.0
46.76345515480747,1.0,0.0,222.0195289728163,7.549294503073529,21.136361115446412,13.829697740532762,0.05510369610097876,0.0
21.075135289382917,0.0,1.0,216.5009208320552,18.181379022999998,39.94115195393513,9.251676617106517,0.3210846329395489,1.0
7.07715463101094,1.0,0.0,215.51409856258488,9.700947806993167,23.36693311030597,5.03585183024009,0.3071481281576516,0.0
83.4190240640491,1.0,0.0,234.5340961970756,3.165479625865153,49.8920461242394,14.48582826202512,0.36858159614624353,0.0
57.30449306030364,1.0,0.0,211.7145409142714,7.4673801354002105,31.275576959228133,1.8608169794544693,0.1690750732243984,0.0
43.029239928138665,1.0,0.0,211.20961306208042,17.307090517072506,42.36338258520198,11.192407047705315,0.37775649505669917,0.0
58.201547085772646,1.0,0.0,241.54199817416225,2.365086781224235,37.61093244873058,6.496082403390382,0.11039906946672784,0.0
93.09968667040059,1.0,0.0,219.09292078278722,10.232059539375795,38.9892040420157,18.8236280281984,0.21251429535166788,0.0
58.15749022713938,1.0,0.0,233.30001834004338,12.218943077051518,27.375073602317222,2.4059931461429995,0.16040532418597486,0.0
53.14351400253934,1.0,0.0,213.16286965182616,8.039388481546798,29.483593574504123,3.6083202118176705,0.20591856281477083,0.0
51.020461135544025,1.0,0.0,216.52789007754177,4.737933372305929,41.09565637483397,16.672814093435683,0.40045697136678604,0.0
83.33161719093509,0.0,1.0,223.8058712290052,2.450687255868489,47.71231919442092,9.763741746275834,0.1632525287483233,0.0
37.501912456189416,1.0,0.0,240.6156392198468,8.42118605533271,29.18013436813417,7.554210539339503,0.22513752415628363,0.0
37.99222056929413,1.0,1.0,214.30995124987865,8.163185584896695,45.866261196941274,16.62215946999209,0.2449286979360854,0.0
30.773836015168875,1.0,0.0,219.61111401477328,19.249833892332447,31.188489941768687,6.94637045904305,0.12264172717734612,0.0
60.07171595878309,1.0,0.0,243.74238604670595,0.5169698792742894,29.11788078747216,10.796646657652488,0.042116743266085166,0.0
31.92120514271829,1.0,0.0,242.81197384132594,1.6108337196542344,20.13202482595884,16.347501622252587,0.20803755042241634,0.0
14.166504593740415,1.0,0.0,234.49872487550286,10.176376824725939,28.429161378389022,0.2522992544417302,0.07558630984872416,0.0
90.63108672643907,1.0,0.0,231.4481752060763,3.1406918496237157,47.563925233188684,9.873282941280658,0.25159379769972956,0.0
11.21510925846887,1.0,0.0,234.07585359421722,3.3031196300529997,45.29462506001111,1.6285906143189122,0.13270814948737053,0.0
79.3575098370891,1.0,0.0,244.87232960776345,19.374115867941107,26.56906431413016,7.070899254762438,0.10427926390377373,0.0
10.929668250127566,1.0,0.0,214.9887869937639,6.663240576855481,28.506393464659,16.867993606391792,0.06475670800188071,0.0
22.883281366503972,1.0,0.0,231.7293805327148,19.476146288359175,43.005247870606084,12.158157596996816,0.17868330458472026,0.0
32.54274334988933,1.0,0.0,249.8781686209817,15.026432405877454,46.00754568017283,7.389244220595296,0.13489046278871264,0.0
29.262037868611877,0.0,1.0,219.39416210529768,2.862745711631356,35.099166558210804,6.610113367575954,0.2459364379675566,0.0
45.56606517841726,1.0,0.0,240.79981972957137,13.759920436082503,49.05175574892923,2.2701323177417465,0.014629270953046003,0.0
93.90387596320356,0.0,1.0,235.3426118973189,3.8790134398013953,35.73484139036728,11.460835688927617,0.14591238471119095,0.0
2.187738443924281,1.0,0.0,237.30011075084437,18.044105157186017,43.30657365094253,3.231338338226044,0.235257005209617,0.0
47.831963487600895,1.0,0.0,226.28280164884623,6.66991910112281,21.46129368132179,14.538774951222038,0.06537440704313946,0.0
15.495534528950671,1.0,0.0,246.3917115449009,5.469200999136243,29.21113491648052,9.074070433590943,0.3064243118259291,0.0
73.5468342227889,1.0,0.0,223.83002514603524,4.703758168253986,23.77059758960052,4.7507504764674735,0.30381181254510947,0.0
67.45433457532832,1.0,1.0,218.84328340270207,10.436134145178329,43.96700002448675,8.896933664183507,0.05541303814631138,0.0
6.5822178393804665,1.0,0.0,229.64228367190182,4.049316340464994,36.19670855341081,9.304870072851086,0.3053936561767634,0.0
14.068327845236418,0.0,1.0,231.19008507398993,2.2060950819573555,49.79461980985426,5.480884876799124,0.1167697090112596,0.0
73.5044472558132,1.0,0.0,227.09361207269998,17.93356257207947,35.33222083249945,18.398471321029156,0.2725507914337033,0.0
85.43956491311071,1.0,0.0,220.2104419328057,8.117767718252543,44.40804808375212,7.028512604192092,0.18043006460297994,0.0
79.65862234970123,1.0,0.0,239.17819825842062,14.227575970482167,34.326774995385186,1.5025995879996024,0.17823358394212563,0.0
83.23636264703387,1.0,0.0,221.98464757218215,11.523533600347447,36.0614593981283,9.392021737107946,0.11823034088554785,0.0
52.226341264728504,1.0,0.0,212.43377163756693,16.21936440567001,43.769994440107546,2.856922318170867,0.29653794208737594,0.0
0.0920175905874232,0.0,0.0,245.8457278092378,8.985295805421622,29.995123303398337,8.441807043491568,0.39053712127581575,0.0
24.40922638652706,1.0,0.0,245.5972715076924,6.843046334027076,41.54245626778741,11.979001234205226,0.276749262566659,0.0
4.869149827130192,1.0,0.0,246.9105024499178,11.242442955766247,44.00820324197551,9.945815824533653,0.34619740155075185,0.0
51.24236604807637,1.0,0.0,232.36555686559976,9.757386571644302,29.986129588468938,14.628472436878251,0.0059567628444912035,0.0
92.66653056376138,1.0,0.0,234.99972017398414,8.47020097432923,49.29841739885768,15.196284833060316,0.023535146144912922,0.0
84.7555954912319,1.0,0.0,215.43367690061916,5.202428417597025,38.55969095415624,10.839093202724001,0.014512066292075021,0.0
96.66522025905444,1.0,0.0,225.7489770457605,13.324713774353832,33.22082491263416,7.82252311404779,0.257065778683756,0.0
