latency_ms,integrity_flag,token_visible,voltage_v,current_a,temperature_c,meter_kwh,cost,ip_changed,command_code,user_role_code,status_code
20,1,0,243.6,48.0,47.2,33.0,111.9,0,1,1,0
21,1,0,243.5,48.1,47.1,33.1,112.1,0,1,1,0
20,1,0,243.6,48.0,47.2,33.2,112.5,0,1,1,0
150,1,0,300.5,2.0,85.0,33.3,112.9,0,1,1,0
160,1,0,310.2,1.5,90.5,33.3,112.9,0,1,1,0
155,1,0,310.1,1.8,92.0,33.3,112.9,0,1,1,0
170,1,0,320.4,1.4,95.2,33.3,112.9,0,1,1,0
20,1,0,243.6,48.0,47.2,33.4,113.2,0,1,1,0
22,1,0,243.6,48.0,47.2,33.5,113.5,0,1,1,0
